Date,Revenue,Net_Income,Total_Equity,Operating_CF,CapEx,Ticker
1996-06-01,2179,-32,2020.0,287.0,-13.0,AAPL
1996-09-01,2321,25,2058.0,296.0,-12.0,AAPL
1996-12-01,2129,-120,1942.0,92.0,-18.0,AAPL
1997-03-01,1601,-708,1242.0,109.0,-17.0,AAPL
1997-06-01,1737,-56,1196.0,-206.0,5.0,AAPL
1997-09-01,1614,-161,1200.0,159.0,24.0,AAPL
1997-12-01,1578,47,1244.0,132.0,35.0,AAPL
1998-03-01,1405,55,1388.0,155.0,-2.0,AAPL
1998-06-01,1402,101,1486.0,206.0,17.0,AAPL
1998-09-01,1556,106,1642.0,282.0,-7.0,AAPL
1998-12-01,1710,152,1923.0,223.0,-5.0,AAPL
1999-03-01,1530,135,2175.0,269.0,1.0,AAPL
1999-06-01,1558,203,2970.0,88.0,-6.0,AAPL
1999-09-01,1336,111,3104.0,242.0,-38.0,AAPL
1999-12-01,2343,183,4414.0,373.0,-38.0,AAPL
2000-03-01,1945,233,4215.0,61.0,-17.0,AAPL
2000-06-01,1825,200,4176.0,234.0,-10.0,AAPL
2000-09-01,1870,170,4107.0,200.0,-77.0,AAPL
2000-12-01,1007,-195,3712.0,-13.0,-22.0,AAPL
2001-03-01,1431,43,3738.0,-44.0,-17.0,AAPL
2001-06-01,1475,61,3858.0,-33.0,-30.0,AAPL
2001-09-01,1450,66,3920.0,275.0,-163.0,AAPL
2001-12-01,1375,38,3966.0,42.0,-36.0,AAPL
2002-03-01,1495,40,4014.0,2.0,-43.0,AAPL
2002-06-01,1429,32,4066.0,-37.0,-31.0,AAPL
2002-09-01,1443,-45,4095.0,82.0,-64.0,AAPL
2002-12-01,1472,-8,4116.0,110.0,-20.0,AAPL
2003-03-01,1475,14,4139.0,98.0,-40.0,AAPL
2003-06-01,1545,19,4198.0,8.0,-46.0,AAPL
2003-09-01,1715,44,4223.0,73.0,-58.0,AAPL
2003-12-01,2006,63,4330.0,219.0,-44.0,AAPL
2004-03-01,1909,46,4490.0,61.0,-35.0,AAPL
2004-06-01,2014,61,4812.0,211.0,-38.0,AAPL
2004-09-01,2350,96,5076.0,443.0,-59.0,AAPL
2004-12-01,3490,295,5790.0,775.0,-58.0,AAPL
2005-03-01,3243,290,6386.0,536.0,-43.0,AAPL
2005-06-01,3520,319,6821.0,472.0,-63.0,AAPL
2005-09-01,3678,428,7428.0,752.0,-96.0,AAPL
2005-12-01,5749,565,8380.0,283.0,-82.0,AAPL
2006-03-01,4359,410,8682.0,-125.0,-193.0,AAPL
2006-06-01,4370,472,9330.0,1007.0,-237.0,AAPL
2006-09-01,4837,542,9984.0,1055.0,-145.0,AAPL
2006-12-01,7115,1004,11228.0,1813.0,-142.0,AAPL
2007-03-01,5264,770,12261.0,734.0,-105.0,AAPL
2007-06-01,5410,818,13404.0,1227.0,-283.0,AAPL
2007-09-01,6789,903,14532.0,1696.0,-205.0,AAPL
2007-12-01,9608,1581,16804.0,2787.0,-224.0,AAPL
2008-03-01,7512,1045,18053.0,1193.0,-160.0,AAPL
2008-06-01,7464,1072,19622.0,1321.0,-304.0,AAPL
2008-09-01,12907,2421,22297.0,4295.0,-403.0,AAPL
2008-12-01,11880,2255,22909.0,3938.0,-339.0,AAPL
2009-03-01,9084,1620,24311.0,841.0,-100.0,AAPL
2009-06-01,9734,1828,25888.0,2270.0,-246.0,AAPL
2009-09-01,12207,2532,31640.0,3110.0,-459.0,AAPL
2009-12-01,15683,3378,35768.0,5781.0,-376.0,AAPL
2010-03-01,13499,3074,39348.0,2330.0,-274.0,AAPL
2010-06-01,15700,3253,43111.0,4801.0,-595.0,AAPL
2010-09-01,20343,4308,47791.0,5683.0,-760.0,AAPL
2010-12-01,26741,6004,54666.0,9773.0,-1214.0,AAPL
2011-03-01,24667,5987,61477.0,6219.0,-624.0,AAPL
2011-06-01,28571,7308,69343.0,11108.0,-777.0,AAPL
2011-09-01,28270,6623,76615.0,10429.0,-1645.0,AAPL
2011-12-01,46333,13064,90054.0,17554.0,-1321.0,AAPL
2012-03-01,39186,11622,102498.0,13977.0,-1457.0,AAPL
2012-06-01,35023,8824,111746.0,10189.0,-2056.0,AAPL
2012-09-01,35966,8223,118210.0,9136.0,-3461.0,AAPL
2012-12-01,54512,13078,127346.0,23426.0,-2317.0,AAPL
2013-03-01,43603,9547,135490.0,12504.0,-2008.0,AAPL
2013-06-01,35323,6900,123354.0,7828.0,-1885.0,AAPL
2013-09-01,37472,7512,123549.0,9908.0,-1955.0,AAPL
2013-12-01,57594,13072,129684.0,22670.0,-1985.0,AAPL
2014-03-01,45646,10223,120179.0,13538.0,-1382.0,AAPL
2014-06-01,37432,7748,120940.0,10255.0,-2378.0,AAPL
2014-09-01,42123,8467,111547.0,13250.0,-3826.0,AAPL
2014-12-01,74599,18024,123328.0,33722.0,-3217.0,AAPL
2015-03-01,58010,13569,129006.0,19081.0,-2369.0,AAPL
2015-06-01,49605,10677,125677.0,14988.0,-2043.0,AAPL
2015-09-01,51501,11124,119355.0,13475.0,-3618.0,AAPL
2015-12-01,75872,18361,128267.0,27463.0,-3612.0,AAPL
2016-03-01,50557,10516,130457.0,11601.0,-2336.0,AAPL
2016-06-01,42358,7796,126541.0,10634.0,-2809.0,AAPL
2016-09-01,46852,9014,128249.0,16533.0,-3977.0,AAPL
2016-12-01,78351,17891,132390.0,27234.0,-3334.0,AAPL
2017-03-01,52896,11029,134082.0,12570.0,-2975.0,AAPL
2017-06-01,45408,8717,132425.0,8672.0,-2277.0,AAPL
2017-09-01,52579,10714,134047.0,15749.0,-3865.0,AAPL
2017-12-01,88293,20065,140199.0,28293.0,-2810.0,AAPL
2018-03-01,61137,13822,126878.0,15130.0,-4195.0,AAPL
2018-06-01,53265,11519,114949.0,14488.0,-3267.0,AAPL
2018-09-01,62900,14125,107147.0,19523.0,-3041.0,AAPL
2018-12-01,84310,19965,117892.0,26690.0,-3355.0,AAPL
2019-03-01,58015,11561,105860.0,11155.0,-2363.0,AAPL
2019-06-01,53809,10044,96456.0,11636.0,-2000.0,AAPL
2019-09-01,64040,13686,90488.0,19910.0,-2777.0,AAPL
2019-12-01,91819,22236,89531.0,30516.0,-2107.0,AAPL
2020-03-01,58313,11249,78425.0,13311.0,-1853.0,AAPL
2020-06-01,59685,11253,72282.0,16271.0,-1565.0,AAPL
2020-09-01,64698,12673,65339.0,20576.0,-1784.0,AAPL
2020-12-01,111439,28755,66224.0,38763.0,-3500.0,AAPL
2021-03-01,89584,23630,69178.0,23981.0,-2269.0,AAPL
2021-06-01,81434,21744,64280.0,21094.0,-2093.0,AAPL
2021-09-01,83360,20551,63090.0,20200.0,-3223.0,AAPL
2021-12-01,123945,34630,71932.0,46966.0,-2803.0,AAPL
2022-03-01,97278,25010,67399.0,28166.0,-2514.0,AAPL
2022-06-01,82959,19442,58107.0,22892.0,-2102.0,AAPL
2022-09-01,90146,20721,50672.0,24127.0,-3289.0,AAPL
2022-12-01,117154,29998,56727.0,34005.0,-3787.0,AAPL
2023-03-01,94836,24160,62158.0,28560.0,-2916.0,AAPL
2023-06-01,81797,19881,60274.0,26380.0,-2093.0,AAPL
2023-09-01,89498,22956,62146.0,21598.0,-2163.0,AAPL
2023-12-01,119575,33916,74100.0,39895.0,-2392.0,AAPL
2024-03-01,90753,23636,74194.0,22690.0,-1996.0,AAPL
2024-06-01,85777,21448,66708.0,28858.0,-2151.0,AAPL
2024-09-01,94930,14736,56950.0,26811.0,-2908.0,AAPL
2024-12-01,124300,36330,66758.0,29935.0,-2940.0,AAPL
2025-03-01,95359,24780,66796.0,23952.0,-3071.0,AAPL
2025-06-01,94036,23434,65830.0,27867.0,-3462.0,AAPL
2025-09-01,102466,27466,73733.0,29728.0,-3242.0,AAPL
2025-12-01,143756,42097,88190.0,53925.0,-2373.0,AAPL
1996-05-01,204,22,754.0,57.9,-6.4,ADBE
1996-08-01,181,29.8,626.0,33.1,-21.6,ADBE
1996-11-01,208,67.8,707.0,61.3,-7.4,ADBE
1997-02-01,226,46.5,739.0,35.5,-6.6,ADBE
1997-05-01,228,40.1,847.0,68.9,-10.0,ADBE
1997-08-01,230,53.4,872.0,54.3,-8.7,ADBE
1997-11-01,227,46.8,715.0,44.1,-8.5,ADBE
1998-02-01,198,26.7,634.0,31.3,-11.9,ADBE
1998-05-01,227,28,684.0,32.3,-24.6,ADBE
1998-08-01,223,0.2,679.0,81.0,-16.2,ADBE
1998-11-01,247,50.3,516.0,58.8,-7.0,ADBE
1999-02-01,227,38.3,545.0,36.7,-7.5,ADBE
1999-05-01,246,45,575.0,107.0,-10.2,ADBE
1999-08-01,261,57.2,578.0,93.2,-12.5,ADBE
1999-11-01,282,97.4,512.0,97.7,-12.1,ADBE
2000-02-01,282,64.6,637.0,48.7,1.5,ADBE
2000-05-01,300,65.8,604.0,118.0,-6.7,ADBE
2000-08-01,329,78.3,674.0,128.0,-6.9,ADBE
2000-11-01,355,79.2,753.0,150.0,-12.3,ADBE
2001-02-01,329,69.8,743.0,68.5,-10.3,ADBE
2001-05-01,344,61.3,683.0,139.0,-14.6,ADBE
2001-08-01,292,40.3,670.0,82.5,-12.8,ADBE
2001-11-01,265,34.3,617.0,129.0,-8.8,ADBE
2002-02-01,268,49.8,690.0,38.1,-5.7,ADBE
2002-05-01,317,54.3,808.0,109.0,-7.3,ADBE
2002-08-01,285,47.2,760.0,46.6,-7.3,ADBE
2002-11-01,295,40.1,674.0,136.0,-11.3,ADBE
2003-02-01,297,54.2,697.0,79.3,-7.5,ADBE
2003-05-01,320,64.2,807.0,128.0,-11.7,ADBE
2003-08-01,319,64.5,864.0,97.1,-7.7,ADBE
2003-11-01,359,83.3,1101.0,129.0,-12.6,ADBE
2004-02-01,423,123,1217.0,185.0,-14.4,ADBE
2004-05-01,410,109,1262.0,147.0,-12.5,ADBE
2004-08-01,404,104,1226.0,160.0,-14.4,ADBE
2004-11-01,430,114,1423.0,212.0,-21.9,ADBE
2005-02-01,473,152,1625.0,164.0,-11.5,ADBE
2005-05-01,496,150,1870.0,171.0,-9.1,ADBE
2005-08-01,487,145,2080.0,173.0,-17.5,ADBE
2005-11-01,510,156,1864.0,250.0,-10.8,ADBE
2006-02-01,655,105,5077.0,177.0,-11.6,ADBE
2006-05-01,635,123,4769.0,240.0,-19.7,ADBE
2006-08-01,602,94.4,4914.0,182.0,-18.9,ADBE
2006-11-01,682,183,5152.0,328.0,-33.1,ADBE
2007-02-01,649,144,5108.0,271.0,-48.3,ADBE
2007-05-01,746,153,5196.0,345.0,-23.5,ADBE
2007-08-01,852,205,4733.0,425.0,-32.2,ADBE
2007-11-01,911,222,4650.0,398.0,-28.1,ADBE
2008-02-01,890,219,3814.0,399.0,-26.3,ADBE
2008-05-01,887,215,4041.0,332.0,-22.4,ADBE
2008-08-01,887,192,4371.0,212.0,-39.8,ADBE
2008-11-01,915,246,4410.0,338.0,-23.3,ADBE
2009-02-01,786,156,4611.0,366.0,-15.9,ADBE
2009-05-01,705,126,4801.0,262.0,-10.3,ADBE
2009-08-01,698,136,4695.0,237.0,-58.4,ADBE
2009-11-01,757,-32,4891.0,254.0,-34.9,ADBE
2010-02-01,859,127,5171.0,260.0,-25.5,ADBE
2010-05-01,943,149,5179.0,251.0,-49.6,ADBE
2010-08-01,990,230,5085.0,291.0,-39.0,ADBE
2010-11-01,1008,269,5192.0,311.0,-55.4,ADBE
2011-02-01,1028,235,5425.0,332.0,-32.4,ADBE
2011-05-01,1023,229,5389.0,389.0,-37.5,ADBE
2011-08-01,1013,195,5564.0,325.0,-65.5,ADBE
2011-11-01,1152,174,5783.0,497.0,-74.9,ADBE
2012-02-01,1045,185,5986.0,314.0,-51.1,ADBE
2012-05-01,1124,224,6100.0,448.0,-60.8,ADBE
2012-08-01,1081,201,6439.0,263.0,-77.4,ADBE
2012-11-01,1153,222,6665.0,474.0,-81.8,ADBE
2013-02-01,1008,65.1,6805.0,322.0,-60.2,ADBE
2013-05-01,1011,76.5,6927.0,299.0,-46.2,ADBE
2013-08-01,995,83,6835.0,216.0,-46.8,ADBE
2013-11-01,1042,65.3,6725.0,315.0,-35.1,ADBE
2014-02-01,1000,47,6611.0,252.0,-29.4,ADBE
2014-05-01,1068,88.5,6637.0,368.0,-27.2,ADBE
2014-08-01,1005,44.7,6731.0,269.0,-55.0,ADBE
2014-11-01,1073,88.1,6776.0,400.0,-36.8,ADBE
2015-02-01,1109,84.9,6589.0,183.0,-35.5,ADBE
2015-05-01,1162,147,6610.0,471.0,-35.7,ADBE
2015-08-01,1218,174,6841.0,360.0,-49.0,ADBE
2015-11-01,1306,223,7002.0,455.0,-64.7,ADBE
2016-02-01,1383,254,7081.0,498.0,-46.2,ADBE
2016-05-01,1399,244,7249.0,489.0,-53.8,ADBE
2016-08-01,1464,271,7278.0,518.0,-55.2,ADBE
2016-11-01,1608,400,7425.0,696.0,-48.6,ADBE
2017-02-01,1682,398,7589.0,730.0,-30.9,ADBE
2017-05-01,1772,374,7804.0,645.0,-55.3,ADBE
2017-08-01,1841,420,8170.0,704.0,-54.2,ADBE
2017-11-01,2007,502,8460.0,833.0,-37.7,ADBE
2018-02-01,2079,583,8634.0,990.0,-95.1,ADBE
2018-05-01,2195,663,8706.0,976.0,-45.3,ADBE
2018-08-01,2291,666,8862.0,955.0,-63.6,ADBE
2018-11-01,2465,678,9362.0,1108.0,-63.0,ADBE
2019-02-01,2601,674,9871.0,1013.0,-65.0,ADBE
2019-05-01,2744,633,9932.0,1110.0,-146.0,ADBE
2019-08-01,2834,793,10243.0,922.0,-89.0,ADBE
2019-11-01,2992,851,10530.0,1377.0,-95.0,ADBE
2020-02-01,3091,955,10465.0,1325.0,-94.0,ADBE
2020-05-01,3128,1100,10881.0,1184.0,-96.0,ADBE
2020-08-01,3225,955,11713.0,1436.0,-126.0,ADBE
2020-11-01,3424,2250,13264.0,1782.0,-103.0,ADBE
2021-02-01,3905,1261,13546.0,1772.0,-59.0,ADBE
2021-05-01,3835,1116,13852.0,1988.0,-95.0,ADBE
2021-08-01,3935,1212,14414.0,1404.0,-95.0,ADBE
2021-11-01,4110,1233,14797.0,2066.0,-99.0,ADBE
2022-02-01,4262,1266,13775.0,1769.0,-100.0,ADBE
2022-05-01,4386,1178,13985.0,2040.0,-126.0,ADBE
2022-08-01,4433,1136,14373.0,1704.0,-125.0,ADBE
2022-11-01,4525,1176,14051.0,2325.0,-91.0,ADBE
2023-02-01,4655,1247,14206.0,1693.0,-101.0,ADBE
2023-05-01,4816,1295,14838.0,2139.0,-121.0,ADBE
2023-08-01,4890,1403,15776.0,1873.0,-91.0,ADBE
2023-11-01,5048,1483,16518.0,1597.0,-47.0,ADBE
2024-02-01,5182,620,15460.0,1174.0,-37.0,ADBE
2024-05-01,5309,1573,14843.0,1940.0,-41.0,ADBE
2024-08-01,5408,1684,14545.0,2021.0,-57.0,ADBE
2024-11-01,5606,1683,14105.0,2921.0,-48.0,ADBE
2025-02-01,5714,1811,13095.0,2482.0,-26.0,ADBE
2025-05-01,5873,1691,11448.0,2191.0,-47.0,ADBE
2025-08-01,5988,1772,11770.0,2198.0,-72.0,ADBE
2025-11-01,6194,1856,11623.0,3160.0,-34.0,ADBE
2026-02-01,6398,1889,11433.0,2958.0,-37.0,ADBE
1996-04-01,1128,186,2116.0,-28.1,-132.0,AMAT
1996-07-01,1115,169,2293.0,280.0,-116.0,AMAT
1996-10-01,861,73.1,2370.0,275.0,-87.7,AMAT
1997-01-01,836,29.6,2432.0,386.0,-277.0,AMAT
1997-04-01,901,102,2505.0,89.0,-46.0,AMAT
1997-07-01,1057,187,2674.0,166.0,139.0,AMAT
1997-10-01,1280,180,2942.0,60.7,-156.0,AMAT
1998-01-01,1308,229,3104.0,103.0,-153.0,AMAT
1998-04-01,1176,141,3191.0,38.3,-141.0,AMAT
1998-07-01,885,47.5,3260.0,471.0,-81.8,AMAT
1998-10-01,962,-140,3121.0,256.0,-89.0,AMAT
1999-01-01,743,52.8,3220.0,152.0,-39.3,AMAT
1999-04-01,1171,143,3386.0,95.2,-60.9,AMAT
1999-07-01,1434,244,3668.0,272.0,-45.6,AMAT
1999-10-01,1803,275,4575.0,561.0,-73.9,AMAT
2000-01-01,1722,327,4757.0,177.0,-29.9,AMAT
2000-04-01,2190,469,5493.0,376.0,-83.5,AMAT
2000-07-01,2732,604,6130.0,405.0,-112.0,AMAT
2000-10-01,2920,664,7104.0,693.0,-158.0,AMAT
2001-01-01,2363,157,7519.0,-4.3,-164.0,AMAT
2001-04-01,2139,318,7752.0,839.0,-190.0,AMAT
2001-07-01,1576,115,7795.0,294.0,-184.0,AMAT
2001-10-01,1265,185,7607.0,452.0,-173.0,AMAT
2002-01-01,1000,-45.5,7617.0,101.0,-86.6,AMAT
2002-04-01,1156,52,7675.0,20.4,-113.0,AMAT
2002-07-01,1460,115,7857.0,182.0,-159.0,AMAT
2002-10-01,1446,147,8020.0,248.0,-118.0,AMAT
2003-01-01,1054,-65.7,8016.0,87.5,-76.9,AMAT
2003-04-01,1107,-62.1,7938.0,313.0,-24.2,AMAT
2003-07-01,1095,-36.8,7865.0,136.0,-92.2,AMAT
2003-10-01,1221,15.5,8068.0,319.0,-72.0,AMAT
2004-01-01,1555,82.4,8219.0,217.0,-76.2,AMAT
2004-04-01,2018,373,8636.0,220.0,-36.7,AMAT
2004-07-01,2236,441,9103.0,683.0,-37.4,AMAT
2004-10-01,2203,455,9262.0,507.0,-40.3,AMAT
2005-01-01,1781,289,9300.0,237.0,-32.3,AMAT
2005-04-01,1861,305,9182.0,467.0,-45.4,AMAT
2005-07-01,1632,370,9072.0,346.0,-59.0,AMAT
2005-10-01,1718,247,8929.0,198.0,-62.9,AMAT
2006-01-01,1858,143,8668.0,419.0,-48.8,AMAT
2006-04-01,2248,413,8619.0,512.0,-31.7,AMAT
2006-07-01,2543,512,8666.0,376.0,-39.6,AMAT
2006-10-01,2518,449,6651.0,629.0,-59.4,AMAT
2007-01-01,2277,403,6967.0,381.0,-58.9,AMAT
2007-04-01,2530,411,7038.0,513.0,-72.4,AMAT
2007-07-01,2561,474,7388.0,638.0,-73.0,AMAT
2007-10-01,2367,422,7821.0,677.0,-60.5,AMAT
2008-01-01,2087,262,7459.0,390.0,-74.1,AMAT
2008-04-01,2150,303,7711.0,874.0,-63.6,AMAT
2008-07-01,1848,165,7541.0,320.0,-71.8,AMAT
2008-10-01,2044,231,7549.0,126.0,-78.4,AMAT
2009-01-01,1333,-133,7357.0,-185.0,-73.3,AMAT
2009-04-01,1020,-255,7096.0,84.3,-54.8,AMAT
2009-07-01,1134,-54.9,7014.0,194.0,-59.7,AMAT
2009-10-01,1526,138,7095.0,240.0,-60.6,AMAT
2010-01-01,1849,83,7148.0,372.0,-53.0,AMAT
2010-04-01,2296,264,7321.0,527.0,-45.0,AMAT
2010-07-01,2518,123,7278.0,299.0,-36.0,AMAT
2010-10-01,2887,468,7536.0,525.0,-35.0,AMAT
2011-01-01,2686,506,7839.0,425.0,15.0,AMAT
2011-04-01,2862,489,8182.0,704.0,-57.0,AMAT
2011-07-01,2787,476,8551.0,599.0,32.0,AMAT
2011-10-01,2181,455,8800.0,701.0,-69.0,AMAT
2012-01-01,2189,117,8650.0,181.0,-37.0,AMAT
2012-04-01,2541,289,8703.0,603.0,-39.0,AMAT
2012-07-01,2343,218,8339.0,656.0,-45.0,AMAT
2012-10-01,1646,-515,7235.0,411.0,-41.0,AMAT
2013-01-01,1573,34,7141.0,16.0,-49.0,AMAT
2013-04-01,1973,-129,6898.0,224.0,-52.0,AMAT
2013-07-01,1975,168,6954.0,364.0,-40.0,AMAT
2013-10-01,1988,183,7088.0,19.0,-56.0,AMAT
2014-01-01,2190,253,7241.0,372.0,-48.0,AMAT
2014-04-01,2353,262,7475.0,437.0,-65.0,AMAT
2014-07-01,2265,301,7684.0,584.0,-65.0,AMAT
2014-10-01,2264,256,7868.0,407.0,-63.0,AMAT
2015-01-01,2359,348,8072.0,60.0,-49.0,AMAT
2015-04-01,2442,364,8351.0,298.0,-64.0,AMAT
2015-07-01,2490,329,7977.0,334.0,-49.0,AMAT
2015-10-01,2368,336,7613.0,471.0,-53.0,AMAT
2016-01-01,2257,286,7168.0,207.0,-68.0,AMAT
2016-04-01,2450,320,6565.0,481.0,-47.0,AMAT
2016-07-01,2821,505,6819.0,981.0,-50.0,AMAT
2016-10-01,3297,610,7217.0,897.0,-88.0,AMAT
2017-01-01,3278,703,7687.0,792.0,-64.0,AMAT
2017-04-01,3546,824,8212.0,911.0,-77.0,AMAT
2017-07-01,3744,925,8716.0,1377.0,-80.0,AMAT
2017-10-01,4130,1067,9349.0,709.0,-124.0,AMAT
2018-01-01,4205,165,8506.0,1466.0,-203.0,AMAT
2018-04-01,4579,1100,7042.0,611.0,-121.0,AMAT
2018-07-01,4162,1016,6825.0,633.0,-133.0,AMAT
2018-10-01,3759,757,6845.0,1077.0,-165.0,AMAT
2019-01-01,3753,771,8209.0,834.0,-133.0,AMAT
2019-04-01,3539,666,8201.0,800.0,-118.0,AMAT
2019-07-01,3562,571,8116.0,787.0,-93.0,AMAT
2019-10-01,3754,698,8214.0,826.0,-97.0,AMAT
2020-01-01,4162,892,8660.0,987.0,-102.0,AMAT
2020-04-01,3957,755,9024.0,635.0,-71.0,AMAT
2020-07-01,4395,841,9569.0,867.0,-87.0,AMAT
2020-10-01,4688,1131,10578.0,1315.0,-162.0,AMAT
2021-01-01,5162,1130,11473.0,1421.0,-121.0,AMAT
2021-04-01,5582,1330,11993.0,1187.0,-204.0,AMAT
2021-07-01,6196,1716,12060.0,1686.0,-137.0,AMAT
2021-10-01,6123,1712,12247.0,1148.0,-206.0,AMAT
2022-01-01,6271,1792,11890.0,2658.0,-144.0,AMAT
2022-04-01,6245,1536,11579.0,415.0,-210.0,AMAT
2022-07-01,6520,1606,12070.0,1469.0,-210.0,AMAT
2022-10-01,6749,1591,12194.0,857.0,-223.0,AMAT
2023-01-01,6739,1717,13420.0,2270.0,-287.0,AMAT
2023-04-01,6630,1575,14129.0,2292.0,-255.0,AMAT
2023-07-01,6425,1560,15093.0,2583.0,-255.0,AMAT
2023-10-01,6723,2004,16349.0,1555.0,-309.0,AMAT
2024-01-01,6707,2019,17429.0,2325.0,-229.0,AMAT
2024-04-01,6646,1722,18199.0,1392.0,-257.0,AMAT
2024-07-01,6778,1705,18840.0,2385.0,-297.0,AMAT
2024-10-01,7045,1731,19001.0,2575.0,-407.0,AMAT
2025-01-01,7166,1185,18625.0,925.0,-381.0,AMAT
2025-04-01,7100,2137,18961.0,1571.0,-510.0,AMAT
2025-07-01,7302,1779,19504.0,2634.0,-584.0,AMAT
2025-10-01,6800,1897,20415.0,2828.0,-785.0,AMAT
2026-01-01,7012,2026,21717.0,1686.0,-646.0,AMAT
1996-06-01,455,-34.7,2071.0,-25.5,-110.0,AMD
1996-09-01,457,-38.4,2037.0,-26.1,-142.0,AMD
1996-12-01,497,-21.2,2022.0,149.0,-136.0,AMD
1997-03-01,552,13,2044.0,115.0,-150.0,AMD
1997-06-01,595,10,2091.0,63.2,-160.0,AMD
1997-09-01,597,-31.7,2044.0,23.6,-135.0,AMD
1997-12-01,613,-12.3,2030.0,197.0,-196.0,AMD
1998-03-01,541,-62.7,1966.0,-17.8,-179.0,AMD
1998-06-01,527,-64.6,1918.0,89.4,-305.0,AMD
1998-09-01,686,1,1930.0,-40.9,-301.0,AMD
1998-12-01,789,22.3,2005.0,111.0,-83.2,AMD
1999-03-01,632,-128,1874.0,21.9,-197.0,AMD
1999-06-01,595,79.9,1962.0,-39.6,307.0,AMD
1999-09-01,662,-106,1919.0,-61.7,-147.0,AMD
1999-12-01,969,65.1,1979.0,339.0,-124.0,AMD
2000-03-01,1092,189,2198.0,387.0,-120.0,AMD
2000-06-01,1170,207,2443.0,281.0,-160.0,AMD
2000-09-01,1207,409,2901.0,287.0,90.3,AMD
2000-12-01,1175,178,3172.0,251.0,-228.0,AMD
2001-03-01,1189,125,3277.0,147.0,-162.0,AMD
2001-06-01,985,17.4,3800.0,-164.0,-215.0,AMD
2001-09-01,766,-187,3631.0,73.2,-163.0,AMD
2001-12-01,952,-15.8,3555.0,112.0,-137.0,AMD
2002-03-01,902,-9.2,3510.0,211.0,-199.0,AMD
2002-06-01,600,-185,3512.0,-108.0,-170.0,AMD
2002-09-01,508,-254,3241.0,-93.6,-193.0,AMD
2002-12-01,686,-855,2467.0,-98.1,-135.0,AMD
2003-03-01,715,-146,2362.0,-78.7,-178.0,AMD
2003-06-01,645,-140,2283.0,-14.3,-103.0,AMD
2003-09-01,954,-31.2,2994.0,0.0,-99.7,AMD
2003-12-01,1206,43.2,3156.0,389.0,-160.0,AMD
2004-03-01,1236,45.1,3167.0,220.0,-196.0,AMD
2004-06-01,1262,32.2,3238.0,240.0,-360.0,AMD
2004-09-01,1239,43.8,3371.0,263.0,-390.0,AMD
2004-12-01,1264,-30,3851.0,362.0,-461.0,AMD
2005-03-01,1227,-17.4,3723.0,251.0,-518.0,AMD
2005-06-01,1260,11.3,3653.0,265.0,-298.0,AMD
2005-09-01,1523,76,3751.0,429.0,-361.0,AMD
2005-12-01,1838,95.6,3587.0,537.0,-327.0,AMD
2006-03-01,1332,185,4955.0,566.0,-308.0,AMD
2006-06-01,1216,88.8,5120.0,219.0,-454.0,AMD
2006-09-01,1328,136,5285.0,230.0,-425.0,AMD
2006-12-01,1751,-576,6075.0,272.0,-647.0,AMD
2007-03-01,1233,-611,5508.0,41.0,-585.0,AMD
2007-06-01,1378,-600,4764.0,-635.0,-414.0,AMD
2007-09-01,1558,-396,4433.0,223.0,-378.0,AMD
2007-12-01,1861,-1772,3255.0,61.0,-235.0,AMD
2008-03-01,1487,-364,2826.0,16.0,-270.0,AMD
2008-06-01,1362,-1195,1663.0,-242.0,184.0,AMD
2008-09-01,1797,-134,1514.0,-216.0,-82.0,AMD
2008-12-01,1162,-1436,296.0,-250.0,-113.0,AMD
2009-03-01,1177,-408,926.0,-391.0,-84.0,AMD
2009-06-01,1184,-310,620.0,-144.0,-112.0,AMD
2009-09-01,1396,-106,508.0,-142.0,-97.0,AMD
2009-12-01,1646,1200,1724.0,1150.0,-173.0,AMD
2010-03-01,1574,257,796.0,23.0,-48.0,AMD
2010-06-01,1653,-43,752.0,-98.0,-31.0,AMD
2010-09-01,1618,-118,614.0,-124.0,-31.0,AMD
2010-12-01,1649,375,1013.0,-213.0,-38.0,AMD
2011-03-01,1613,510,1558.0,-168.0,-38.0,AMD
2011-06-01,1574,61,1641.0,174.0,-67.0,AMD
2011-09-01,1690,97,1744.0,189.0,-58.0,AMD
2011-12-01,1691,-177,1590.0,187.0,-87.0,AMD
2012-03-01,1585,-590,1052.0,107.0,-40.0,AMD
2012-06-01,1413,37,1117.0,81.0,-39.0,AMD
2012-09-01,1269,-157,989.0,-240.0,-32.0,AMD
2012-12-01,1155,-473,538.0,-286.0,-22.0,AMD
2013-03-01,1088,-146,415.0,-155.0,158.0,AMD
2013-06-01,1161,-74,359.0,-35.0,-25.0,AMD
2013-09-01,1461,48,434.0,21.0,42.0,AMD
2013-12-01,1589,89,544.0,21.0,-21.0,AMD
2014-03-01,1397,-20,511.0,-204.0,-21.0,AMD
2014-06-01,1441,-36,501.0,-28.0,-23.0,AMD
2014-09-01,1429,17,535.0,18.0,-29.0,AMD
2014-12-01,1239,-364,187.0,116.0,-22.0,AMD
2015-03-01,1030,-180,17.0,-172.0,-22.0,AMD
2015-06-01,942,-181,-141.0,-57.0,-17.0,AMD
2015-09-01,1061,-197,-336.0,-56.0,-25.0,AMD
2015-12-01,958,-102,-412.0,59.0,-32.0,AMD
2016-03-01,832,-109,-503.0,-42.0,-26.0,AMD
2016-06-01,1027,69,-413.0,-85.0,-21.0,AMD
2016-09-01,1307,-406,385.0,29.0,-9.0,AMD
2016-12-01,1153,-52,416.0,179.0,-21.0,AMD
2017-03-01,1178,-33,409.0,-299.0,-23.0,AMD
2017-06-01,1151,-42,417.0,-82.0,-12.0,AMD
2017-09-01,1584,61,520.0,69.0,-34.0,AMD
2017-12-01,1340,-19,596.0,324.0,-44.0,AMD
2018-03-01,1647,81,715.0,-107.0,-46.0,AMD
2018-06-01,1756,116,879.0,-55.0,-43.0,AMD
2018-09-01,1653,102,1125.0,76.0,-33.0,AMD
2018-12-01,1419,38,1266.0,120.0,-41.0,AMD
2019-03-01,1272,16,1788.0,-213.0,-62.0,AMD
2019-06-01,1531,35,1901.0,30.0,-58.0,AMD
2019-09-01,1801,120,2176.0,234.0,-55.0,AMD
2019-12-01,2127,170,2827.0,442.0,-42.0,AMD
2020-03-01,1786,162,3037.0,-65.0,-55.0,AMD
2020-06-01,1932,157,3305.0,243.0,-91.0,AMD
2020-09-01,2801,390,3867.0,339.0,-74.0,AMD
2020-12-01,3244,1781,5837.0,554.0,-74.0,AMD
2021-03-01,3445,555,6477.0,898.0,-66.0,AMD
2021-06-01,3850,710,7065.0,952.0,-64.0,AMD
2021-09-01,4313,923,7136.0,849.0,-85.0,AMD
2021-12-01,4826,974,7497.0,822.0,-86.0,AMD
2022-03-01,5887,786,55333.0,995.0,-71.0,AMD
2022-06-01,6550,447,55169.0,1038.0,-132.0,AMD
2022-09-01,5565,66,54542.0,965.0,-123.0,AMD
2022-12-01,5599,21,54750.0,567.0,-124.0,AMD
2023-03-01,5353,-139,54694.0,486.0,-158.0,AMD
2023-06-01,5359,27,55136.0,379.0,-125.0,AMD
2023-09-01,5800,299,54970.0,421.0,-124.0,AMD
2023-12-01,6168,667,55892.0,381.0,-139.0,AMD
2024-03-01,5473,123,56198.0,521.0,-142.0,AMD
2024-06-01,5835,265,56538.0,593.0,-154.0,AMD
2024-09-01,6819,771,56985.0,628.0,-132.0,AMD
2024-12-01,7658,482,57568.0,1299.0,-208.0,AMD
2025-03-01,7438,709,57881.0,939.0,-212.0,AMD
2025-06-01,7685,872,59665.0,2011.0,-282.0,AMD
2025-09-01,9246,1243,60790.0,2159.0,-258.0,AMD
2025-12-01,10270,1511,62999.0,2600.0,-222.0,AMD
1996-04-01,1087,246,2237.0,295.0,-69.5,CSCO
1996-07-01,1292,277,2861.0,394.0,-112.0,CSCO
1996-10-01,1435,181,3126.0,529.0,-88.1,CSCO
1997-01-01,1592,338,3622.0,28.6,-81.3,CSCO
1997-04-01,1648,378,4029.0,401.0,-101.0,CSCO
1997-07-01,1777,153,4332.0,490.0,-61.8,CSCO
1997-10-01,1869,337,4846.0,707.0,-63.0,CSCO
1998-01-01,2016,457,5473.0,460.0,-77.0,CSCO
1998-04-01,2184,65,6351.0,817.0,-142.0,CSCO
1998-07-01,2420,472,7191.0,881.0,-147.0,CSCO
1998-10-01,2597,512,7996.0,846.0,-125.0,CSCO
1999-01-01,2845,282,9200.0,844.0,-157.0,CSCO
1999-04-01,3171,636,10296.0,1209.0,-103.0,CSCO
1999-07-01,3559,596,11855.0,1426.0,-217.0,CSCO
1999-10-01,3918,415,13926.0,1132.0,-201.0,CSCO
2000-01-01,4357,816,16568.0,1565.0,-213.0,CSCO
2000-04-01,4933,641,20071.0,1785.0,-257.0,CSCO
2000-07-01,5720,796,26542.0,1659.0,-415.0,CSCO
2000-10-01,6519,798,27686.0,1363.0,-524.0,CSCO
2001-01-01,6748,874,29546.0,1463.0,-684.0,CSCO
2001-04-01,4728,-2693,26115.0,1881.0,-606.0,CSCO
2001-07-01,4298,7,27142.0,1685.0,-457.0,CSCO
2001-10-01,4448,-268,27470.0,1384.0,-292.0,CSCO
2002-01-01,4816,660,28161.0,2007.0,-190.0,CSCO
2002-04-01,4822,729,28435.0,1587.0,-1761.0,CSCO
2002-07-01,4829,772,28671.0,1609.0,-398.0,CSCO
2002-10-01,4845,618,28556.0,1067.0,-122.0,CSCO
2003-01-01,4713,991,28465.0,1359.0,-219.0,CSCO
2003-04-01,4618,987,27656.0,1265.0,-163.0,CSCO
2003-07-01,4702,982,28039.0,1628.0,-213.0,CSCO
2003-10-01,5101,1086,27429.0,973.0,-173.0,CSCO
2004-01-01,5398,724,27647.0,1616.0,-220.0,CSCO
2004-04-01,5620,1211,25986.0,2379.0,-94.0,CSCO
2004-07-01,5926,1380,25916.0,1994.0,-126.0,CSCO
2004-10-01,5971,1396,24717.0,1459.0,-159.0,CSCO
2005-01-01,6062,1400,23763.0,1789.0,-131.0,CSCO
2005-04-01,6187,1405,23767.0,1884.0,-180.0,CSCO
2005-07-01,6581,1540,23184.0,2436.0,-222.0,CSCO
2005-10-01,6550,1261,21441.0,1402.0,-215.0,CSCO
2006-01-01,6628,1375,22968.0,1865.0,-179.0,CSCO
2006-04-01,7322,1400,24623.0,2315.0,-201.0,CSCO
2006-07-01,7984,1544,23918.0,2317.0,-177.0,CSCO
2006-10-01,8184,1608,25543.0,2271.0,-214.0,CSCO
2007-01-01,8439,1921,26590.0,2658.0,-334.0,CSCO
2007-04-01,8866,1874,28527.0,2437.0,-364.0,CSCO
2007-07-01,9433,1930,31490.0,2738.0,-339.0,CSCO
2007-10-01,9554,2205,34003.0,3089.0,-296.0,CSCO
2008-01-01,9831,2060,32893.0,2443.0,-295.0,CSCO
2008-04-01,9791,1773,33201.0,3028.0,-317.0,CSCO
2008-07-01,10364,2014,34402.0,3529.0,-360.0,CSCO
2008-10-01,10331,2201,35059.0,2718.0,-361.0,CSCO
2009-01-01,9089,1504,36801.0,3198.0,-224.0,CSCO
2009-04-01,8162,1348,37283.0,1996.0,-209.0,CSCO
2009-07-01,8535,1081,38677.0,1985.0,-211.0,CSCO
2009-10-01,9021,1787,40026.0,1488.0,-160.0,CSCO
2010-01-01,9815,1853,41532.0,2486.0,-248.0,CSCO
2010-04-01,10368,2192,43852.0,2967.0,-291.0,CSCO
2010-07-01,10836,1935,44285.0,3232.0,-309.0,CSCO
2010-10-01,10750,1930,44695.0,1667.0,-326.0,CSCO
2011-01-01,10407,1521,45686.0,2609.0,-326.0,CSCO
2011-04-01,10866,1807,47206.0,2979.0,-278.0,CSCO
2011-07-01,11195,1232,47259.0,2824.0,-244.0,CSCO
2011-10-01,11256,1777,47214.0,2333.0,-265.0,CSCO
2012-01-01,11527,2182,49265.0,3101.0,-284.0,CSCO
2012-04-01,11588,2165,51378.0,2969.0,-281.0,CSCO
2012-07-01,11690,1917,51301.0,3088.0,-296.0,CSCO
2012-10-01,11876,2092,52701.0,2465.0,-241.0,CSCO
2013-01-01,12098,3143,55525.0,3349.0,-277.0,CSCO
2013-04-01,12216,2478,56798.0,3094.0,-268.0,CSCO
2013-07-01,12417,2270,59128.0,3986.0,-233.0,CSCO
2013-10-01,12085,1996,58909.0,2649.0,-159.0,CSCO
2014-01-01,11155,1429,56084.0,2873.0,-254.0,CSCO
2014-04-01,11545,2181,55796.0,3198.0,-369.0,CSCO
2014-07-01,12357,2247,56661.0,3612.0,-261.0,CSCO
2014-10-01,12245,1828,56715.0,2491.0,-282.0,CSCO
2015-01-01,11936,2397,57733.0,2883.0,-263.0,CSCO
2015-04-01,12137,2437,58833.0,3040.0,-354.0,CSCO
2015-07-01,12843,2319,59707.0,4138.0,-306.0,CSCO
2015-10-01,12682,2430,59985.0,2766.0,-256.0,CSCO
2016-01-01,11927,3147,60878.0,3922.0,-309.0,CSCO
2016-04-01,12000,2349,62358.0,3064.0,-304.0,CSCO
2016-07-01,12638,2813,63585.0,3818.0,-236.0,CSCO
2016-10-01,12352,2322,63413.0,2730.0,-273.0,CSCO
2017-01-01,11580,2348,63818.0,3772.0,-248.0,CSCO
2017-04-01,11940,2515,65382.0,3373.0,-229.0,CSCO
2017-07-01,12133,2424,66137.0,4001.0,-207.0,CSCO
2017-10-01,12136,2394,65550.0,3080.0,-167.0,CSCO
2018-01-01,11887,-8778,51982.0,4070.0,-161.0,CSCO
2018-04-01,12463,2691,46661.0,2416.0,-238.0,CSCO
2018-07-01,12844,3803,43204.0,4100.0,-209.0,CSCO
2018-10-01,13072,3549,43848.0,3763.0,-210.0,CSCO
2019-01-01,12446,2822,40789.0,3797.0,-253.0,CSCO
2019-04-01,12958,3044,36804.0,4329.0,-223.0,CSCO
2019-07-01,13428,2206,33571.0,3942.0,-201.0,CSCO
2019-10-01,13159,2926,34423.0,3587.0,-198.0,CSCO
2020-01-01,12005,2878,35533.0,3800.0,-62.0,CSCO
2020-04-01,11983,2774,35708.0,4237.0,-127.0,CSCO
2020-07-01,12154,2636,37920.0,3802.0,-204.0,CSCO
2020-10-01,11929,2174,38157.0,4096.0,-167.0,CSCO
2021-01-01,11960,2545,39121.0,2974.0,-182.0,CSCO
2021-04-01,12803,2863,40205.0,3880.0,-167.0,CSCO
2021-07-01,13126,3009,41275.0,4504.0,-148.0,CSCO
2021-10-01,12900,2980,42701.0,3427.0,-121.0,CSCO
2022-01-01,12720,2973,39496.0,2461.0,-106.0,CSCO
2022-04-01,12835,3044,40400.0,3661.0,-105.0,CSCO
2022-07-01,13102,2815,39773.0,3677.0,-54.0,CSCO
2022-10-01,13632,2670,40272.0,3962.0,-176.0,CSCO
2023-01-01,13592,2773,41474.0,4739.0,-170.0,CSCO
2023-04-01,14571,3212,42295.0,5219.0,-270.0,CSCO
2023-07-01,15203,3958,44353.0,5966.0,-233.0,CSCO
2023-10-01,14668,3638,45210.0,2371.0,-134.0,CSCO
2024-01-01,12791,2634,46251.0,808.0,-170.0,CSCO
2024-04-01,12702,1886,45768.0,3971.0,-168.0,CSCO
2024-07-01,13642,2162,45457.0,3730.0,-198.0,CSCO
2024-10-01,13841,2711,45277.0,3661.0,-217.0,CSCO
2025-01-01,13991,2428,45530.0,2241.0,-210.0,CSCO
2025-04-01,14149,2491,45935.0,4057.0,-261.0,CSCO
2025-07-01,14673,2550,46843.0,4234.0,-217.0,CSCO
2025-10-01,14883,2860,46873.0,3212.0,-323.0,CSCO
2026-01-01,15349,3175,47723.0,1822.0,-283.0,CSCO
1996-06-01,4621,1041,13884.0,2237.0,-772.0,INTC
1996-09-01,5142,1312,14964.0,1664.0,-630.0,INTC
1996-12-01,6440,1910,16872.0,3257.0,-790.0,INTC
1997-03-01,6448,1983,17108.0,2222.0,-789.0,INTC
1997-06-01,5960,1645,17406.0,1911.0,-969.0,INTC
1997-09-01,6155,1574,19946.0,2400.0,-1159.0,INTC
1997-12-01,6507,1743,19295.0,3475.0,-1584.0,INTC
1998-03-01,6001,1273,21585.0,2069.0,-1450.0,INTC
1998-06-01,5927,1172,21733.0,404.0,-1702.0,INTC
1998-09-01,6731,1559,21799.0,2988.0,-722.0,INTC
1998-12-01,7614,2064,23377.0,3986.0,317.0,INTC
1999-03-01,7103,1999,24726.0,2901.0,-675.0,INTC
1999-06-01,6746,1749,25472.0,1609.0,-766.0,INTC
1999-09-01,7328,1458,29182.0,3937.0,-982.0,INTC
1999-12-01,8212,2108,32535.0,3687.0,-980.0,INTC
2000-03-01,7993,2696,36103.0,3281.0,-1074.0,INTC
2000-06-01,8300,3137,36620.0,3156.0,-1252.0,INTC
2000-09-01,8731,2509,37705.0,3012.0,-1925.0,INTC
2000-12-01,8702,2193,37322.0,3378.0,-2423.0,INTC
2001-03-01,6677,485,36918.0,1181.0,-2664.0,INTC
2001-06-01,6334,196,36738.0,2119.0,-2144.0,INTC
2001-09-01,6545,106,35902.0,2059.0,-1365.0,INTC
2001-12-01,6983,504,35830.0,3430.0,-1136.0,INTC
2002-03-01,6781,936,35860.0,1528.0,-1430.0,INTC
2002-06-01,6319,446,35580.0,1689.0,-1115.0,INTC
2002-09-01,6504,686,35307.0,2391.0,-955.0,INTC
2002-12-01,7160,1049,35468.0,3521.0,-1203.0,INTC
2003-03-01,6751,915,35401.0,1710.0,-954.0,INTC
2003-06-01,6816,896,35490.0,2649.0,-923.0,INTC
2003-09-01,7833,1657,37361.0,3188.0,-1072.0,INTC
2003-12-01,8741,2173,37846.0,3968.0,-707.0,INTC
2004-03-01,8091,1730,38110.0,1769.0,-680.0,INTC
2004-06-01,8049,1757,38593.0,4065.0,-1026.0,INTC
2004-09-01,8471,1906,38195.0,3170.0,-1106.0,INTC
2004-12-01,9598,2123,38579.0,4115.0,-1031.0,INTC
2005-03-01,9434,2178,37711.0,3756.0,-1788.0,INTC
2005-06-01,9231,2038,37614.0,2972.0,-1389.0,INTC
2005-09-01,9960,1995,36676.0,4366.0,-1282.0,INTC
2005-12-01,10201,2453,36182.0,3729.0,-1359.0,INTC
2006-03-01,8940,1357,34358.0,2096.0,-1758.0,INTC
2006-06-01,8009,885,34796.0,1542.0,-1766.0,INTC
2006-09-01,8739,1301,35017.0,2811.0,-1188.0,INTC
2006-12-01,9694,1501,36752.0,4171.0,-1067.0,INTC
2007-03-01,8852,1636,37526.0,1552.0,-1361.0,INTC
2007-06-01,8680,1278,39698.0,2417.0,-1278.0,INTC
2007-09-01,10090,1791,40902.0,3922.0,-1088.0,INTC
2007-12-01,10712,2271,42762.0,4734.0,-1273.0,INTC
2008-03-01,9673,1443,40660.0,2215.0,-907.0,INTC
2008-06-01,9470,1601,40361.0,2828.0,-1151.0,INTC
2008-09-01,10217,2014,38911.0,3287.0,-1374.0,INTC
2008-12-01,8226,234,39546.0,2596.0,-1765.0,INTC
2009-03-01,7145,629,39064.0,378.0,-1509.0,INTC
2009-06-01,8024,-398,39047.0,3384.0,-981.0,INTC
2009-09-01,9389,1856,39033.0,4003.0,-944.0,INTC
2009-12-01,10569,2282,41704.0,3405.0,-1081.0,INTC
2010-03-01,10299,2442,42900.0,4079.0,-928.0,INTC
2010-06-01,10765,2887,45841.0,3486.0,-1048.0,INTC
2010-09-01,11102,2955,47696.0,3577.0,-1362.0,INTC
2010-12-01,11457,3180,49430.0,5550.0,-1869.0,INTC
2011-03-01,12847,3160,47349.0,4013.0,-2723.0,INTC
2011-06-01,13032,2954,48723.0,3971.0,-2484.0,INTC
2011-09-01,14233,3468,46117.0,6349.0,-2713.0,INTC
2011-12-01,13887,3360,45911.0,6630.0,-2844.0,INTC
2012-03-01,12906,2738,46760.0,2972.0,-2974.0,INTC
2012-06-01,13501,2827,48779.0,4739.0,-2662.0,INTC
2012-09-01,13457,2972,49269.0,5147.0,-2887.0,INTC
2012-12-01,13477,2468,51203.0,6026.0,-2504.0,INTC
2013-03-01,12580,2045,51194.0,4285.0,-2174.0,INTC
2013-06-01,12811,2000,53840.0,4722.0,-2723.0,INTC
2013-09-01,13483,2950,55452.0,5731.0,-2866.0,INTC
2013-12-01,13834,2625,58256.0,6038.0,-2948.0,INTC
2014-03-01,12764,1930,58038.0,3501.0,-2689.0,INTC
2014-06-01,13831,2796,59247.0,5453.0,-2828.0,INTC
2014-09-01,14554,3317,56073.0,5693.0,-2445.0,INTC
2014-12-01,14721,3661,55865.0,5771.0,-2143.0,INTC
2015-03-01,12781,1992,54924.0,4415.0,-2025.0,INTC
2015-06-01,13195,2706,57695.0,3440.0,-1767.0,INTC
2015-09-01,14465,3109,57097.0,5735.0,-1206.0,INTC
2015-12-01,14914,3613,61085.0,5428.0,-2328.0,INTC
2016-03-01,13702,2046,61174.0,4055.0,-1346.0,INTC
2016-06-01,13533,1330,61367.0,3845.0,-2286.0,INTC
2016-09-01,15778,3378,63115.0,5758.0,-2463.0,INTC
2016-12-01,16374,3562,66226.0,8150.0,-3530.0,INTC
2017-03-01,14796,2964,66844.0,3898.0,-1952.0,INTC
2017-06-01,14763,2808,68625.0,4707.0,-2778.0,INTC
2017-09-01,16149,4516,70936.0,6264.0,-2979.0,INTC
2017-12-01,17053,-687,69019.0,7241.0,-4069.0,INTC
2018-03-01,16066,4454,70165.0,6284.0,-2910.0,INTC
2018-06-01,16962,5006,70047.0,7413.0,-4530.0,INTC
2018-09-01,19163,6398,71483.0,8835.0,-3851.0,INTC
2018-12-01,18657,5195,74563.0,6900.0,-3890.0,INTC
2019-03-01,16061,3974,73661.0,4959.0,-3321.0,INTC
2019-06-01,16505,4179,74947.0,7587.0,-3554.0,INTC
2019-09-01,19190,5990,74242.0,10711.0,-4672.0,INTC
2019-12-01,20209,6905,77504.0,9888.0,-4666.0,INTC
2020-03-01,19828,5661,76354.0,6158.0,-3268.0,INTC
2020-06-01,19728,5105,82010.0,11157.0,-3408.0,INTC
2020-09-01,18333,4276,74554.0,8179.0,-3716.0,INTC
2020-12-01,19978,5857,81038.0,10370.0,-4061.0,INTC
2021-03-01,19673,3361,79807.0,5348.0,-4388.0,INTC
2021-06-01,19631,5061,85207.0,8801.0,-3868.0,INTC
2021-09-01,19192,6823,90087.0,9904.0,-4441.0,INTC
2021-12-01,20528,4623,95391.0,5403.0,-7632.0,INTC
2022-03-01,18353,8113,103136.0,5891.0,-4604.0,INTC
2022-06-01,15321,-454,101218.0,809.0,-7242.0,INTC
2022-09-01,15338,1019,99885.0,1030.0,-7299.0,INTC
2022-12-01,14042,-664,103286.0,7703.0,-5699.0,INTC
2023-03-01,11715,-2758,100403.0,-1785.0,-7413.0,INTC
2023-06-01,12949,1481,104471.0,2808.0,-5888.0,INTC
2023-09-01,14158,297,105686.0,5824.0,-5753.0,INTC
2023-12-01,15406,2669,109965.0,4624.0,-6696.0,INTC
2024-03-01,12724,-381,110756.0,-1223.0,-5970.0,INTC
2024-06-01,12833,-1610,120434.0,2292.0,-5682.0,INTC
2024-09-01,13284,-16639,104864.0,4054.0,-6458.0,INTC
2024-12-01,14260,-126,105032.0,3165.0,-5834.0,INTC
2025-03-01,12667,-821,106413.0,813.0,-5183.0,INTC
2025-06-01,12859,-2918,105751.0,2050.0,-3550.0,INTC
2025-09-01,13653,4063,116730.0,2546.0,-2425.0,INTC
2025-12-01,13674,-591,126360.0,4288.0,-3488.0,INTC
1996-04-01,137,-0.3,305.0,34.5,-14.3,INTU
1996-07-01,76.8,-22,299.0,-14.6,-8.4,INTU
1996-10-01,103,-28.3,284.0,-16.0,-8.6,INTU
1997-01-01,266,116,414.0,110.0,-4.8,INTU
1997-04-01,136,0.5,413.0,25.4,-2.5,INTU
1997-07-01,94.1,-19.8,415.0,-38.6,-11.7,INTU
1997-10-01,96,-12.8,468.0,-52.9,-8.7,INTU
1998-01-01,238,41.8,561.0,72.5,20.6,INTU
1998-04-01,142,-2.2,637.0,54.4,-6.1,INTU
1998-07-01,117,-39.1,1088.0,-5.7,-354.0,INTU
1998-10-01,112,-49.2,982.0,-0.9,-13.6,INTU
1999-01-01,374,93.1,1564.0,-1.2,-13.8,INTU
1999-04-01,262,75.4,1673.0,269.0,-22.6,INTU
1999-07-01,75.5,253,1562.0,-194.0,-494.0,INTU
1999-10-01,177,-65.9,1582.0,-23.3,-27.3,INTU
2000-01-01,426,57.3,2062.0,67.6,-79.2,INTU
2000-04-01,329,297,2081.0,174.0,34.8,INTU
2000-07-01,162,17.1,2072.0,-212.0,-23.3,INTU
2000-10-01,188,-33.8,2072.0,-15.2,-29.4,INTU
2001-01-01,458,26.6,2215.0,83.9,-16.6,INTU
2001-04-01,425,-14.3,2190.0,166.0,-12.0,INTU
2001-07-01,191,-61.3,2161.0,-1.6,-19.1,INTU
2001-10-01,169,-92.4,2055.0,-58.4,-14.3,INTU
2002-01-01,476,120,2213.0,39.5,-12.1,INTU
2002-04-01,491,144,2310.0,370.0,-15.2,INTU
2002-07-01,187,-31.8,2216.0,226.0,-1.9,INTU
2002-10-01,223,-54.7,1928.0,41.9,-27.7,INTU
2003-01-01,558,128,1998.0,388.0,-27.2,INTU
2003-04-01,635,294,2260.0,493.0,-15.6,INTU
2003-07-01,191,-24.7,1965.0,-360.0,29.4,INTU
2003-10-01,239,-54,1848.0,-76.2,-20.7,INTU
2004-01-01,633,149,1910.0,210.0,-26.5,INTU
2004-04-01,710,264,1945.0,473.0,-38.5,INTU
2004-07-01,220,-42.1,1822.0,-28.1,33.9,INTU
2004-10-01,253,-46.1,1646.0,-87.4,-24.4,INTU
2005-01-01,648,147,1715.0,219.0,-13.2,INTU
2005-04-01,835,301,1841.0,577.0,-18.8,INTU
2005-07-01,257,-20,1695.0,-111.0,-13.2,INTU
2005-10-01,304,-45.8,1501.0,-83.8,-25.1,INTU
2006-01-01,743,183,1554.0,170.0,-22.5,INTU
2006-04-01,953,299,1673.0,659.0,-8.8,INTU
2006-07-01,294,-18.9,1739.0,-136.0,-22.6,INTU
2006-10-01,350,-58.9,1799.0,-137.0,-29.2,INTU
2007-01-01,751,145,1825.0,243.0,-23.7,INTU
2007-04-01,1139,367,1944.0,708.0,-36.4,INTU
2007-07-01,433,-13.6,2036.0,-87.9,-15.6,INTU
2007-10-01,445,-20.8,1861.0,-161.0,-65.3,INTU
2008-01-01,835,115,1846.0,199.0,-56.6,INTU
2008-04-01,1313,444,2057.0,832.0,-95.3,INTU
2008-07-01,400,-61.6,2080.0,-39.5,-44.7,INTU
2008-10-01,481,-52,1954.0,-200.0,-67.0,INTU
2009-01-01,773,85,2036.0,143.0,-50.0,INTU
2009-04-01,1417,485,2600.0,935.0,-31.0,INTU
2009-07-01,457,-71,2557.0,-66.0,17.0,INTU
2009-10-01,474,-68,2272.0,-140.0,-32.0,INTU
2010-01-01,837,114,2256.0,245.0,-34.0,INTU
2010-04-01,1607,576,2858.0,1044.0,-34.0,INTU
2010-07-01,485,-48,2821.0,-151.0,26.0,INTU
2010-10-01,532,-70,2615.0,-211.0,-51.0,INTU
2011-01-01,878,73,2272.0,258.0,-84.0,INTU
2011-04-01,1848,688,2821.0,1138.0,-31.0,INTU
2011-07-01,191,-57,2616.0,-172.0,52.0,INTU
2011-10-01,575,-64,2361.0,-110.0,-44.0,INTU
2012-01-01,999,118,2223.0,260.0,-48.0,INTU
2012-04-01,1926,734,2835.0,1278.0,-33.0,INTU
2012-07-01,308,4,2744.0,-182.0,-10.0,INTU
2012-10-01,562,-19,2745.0,-145.0,-70.0,INTU
2013-01-01,884,71,2792.0,256.0,-45.0,INTU
2013-04-01,2091,822,3570.0,1449.0,-32.0,INTU
2013-07-01,409,-16,3531.0,-194.0,18.0,INTU
2013-10-01,622,-11,2224.0,-190.0,-47.0,INTU
2014-01-01,782,-37,2235.0,332.0,-46.0,INTU
2014-04-01,2388,984,3238.0,1388.0,-28.0,INTU
2014-07-01,451,-29,3078.0,-84.0,17.0,INTU
2014-10-01,612,-84,2927.0,-118.0,-55.0,INTU
2015-01-01,749,-66,2354.0,365.0,-61.0,INTU
2015-04-01,2135,501,2321.0,1475.0,-67.0,INTU
2015-07-01,696,14,2332.0,-133.0,41.0,INTU
2015-10-01,713,-31,1051.0,-188.0,-70.0,INTU
2016-01-01,923,24,641.0,317.0,-324.0,INTU
2016-04-01,2304,1026,1248.0,1612.0,-55.0,INTU
2016-07-01,754,-40,1161.0,-281.0,33.0,INTU
2016-10-01,778,-30,936.0,-205.0,-86.0,INTU
2017-01-01,1016,13,785.0,292.0,-46.0,INTU
2017-04-01,2541,964,1697.0,1802.0,-46.0,INTU
2017-07-01,861,38,1354.0,-290.0,76.0,INTU
2017-10-01,910,-2,1203.0,-78.0,-50.0,INTU
2018-01-01,1339,183,1157.0,252.0,-27.0,INTU
2018-04-01,2912,1186,2364.0,1975.0,-20.0,INTU
2018-07-01,864,-38,2816.0,-37.0,59.0,INTU
2018-10-01,1016,34,2782.0,-143.0,-35.0,INTU
2019-01-01,1502,189,2796.0,341.0,-45.0,INTU
2019-04-01,3272,1378,4070.0,2248.0,-49.0,INTU
2019-07-01,994,-44,3749.0,-122.0,53.0,INTU
2019-10-01,1165,57,3633.0,-127.0,-38.0,INTU
2020-01-01,1696,240,3727.0,317.0,-30.0,INTU
2020-04-01,3002,1084,4740.0,1937.0,-39.0,INTU
2020-07-01,1816,445,5106.0,287.0,48.0,INTU
2020-10-01,1323,198,5245.0,45.0,-38.0,INTU
2021-01-01,1576,20,8868.0,279.0,-33.0,INTU
2021-04-01,4173,1464,9955.0,2384.0,-30.0,INTU
2021-07-01,2561,380,9869.0,542.0,48.0,INTU
2021-10-01,2007,228,9733.0,145.0,-42.0,INTU
2022-01-01,2673,100,15595.0,85.0,-65.0,INTU
2022-04-01,5632,1794,16961.0,3320.0,-61.0,INTU
2022-07-01,2414,-56,16441.0,339.0,11.0,INTU
2022-10-01,2597,40,16067.0,328.0,-77.0,INTU
2023-01-01,3041,168,15842.0,284.0,-55.0,INTU
2023-04-01,6018,2087,17592.0,3592.0,-88.0,INTU
2023-07-01,2712,89,17269.0,842.0,10.0,INTU
2023-10-01,2978,241,16992.0,-97.0,-84.0,INTU
2024-01-01,3386,353,16908.0,613.0,-63.0,INTU
2024-04-01,6737,2389,18757.0,3951.0,-61.0,INTU
2024-07-01,3184,-20,18436.0,417.0,17.0,INTU
2024-10-01,3283,197,18136.0,362.0,-33.0,INTU
2025-01-01,3963,471,17949.0,1069.0,-31.0,INTU
2025-04-01,7754,2820,20125.0,4395.0,-35.0,INTU
2025-07-01,3831,381,19710.0,381.0,15.0,INTU
2025-10-01,3885,446,19322.0,637.0,-38.0,INTU
2026-01-01,4651,693,19055.0,1570.0,-46.0,INTU
1996-06-01,2255,559,7033.0,913.0,-158.0,MSFT
1996-09-01,2295,614,7402.0,783.0,-99.0,MSFT
1996-12-01,2680,741,9642.0,1218.0,-117.0,MSFT
1997-03-01,3208,1042,9134.0,1618.0,-110.0,MSFT
1997-06-01,3753,1057,10777.0,1070.0,-173.0,MSFT
1997-09-01,3130,663,11464.0,1680.0,-117.0,MSFT
1997-12-01,3585,1133,12344.0,1664.0,-151.0,MSFT
1998-03-01,3774,1337,14676.0,2102.0,-147.0,MSFT
1998-06-01,4773,1357,16627.0,2987.0,-431.0,MSFT
1998-09-01,4193,1683,19124.0,2584.0,-27.0,MSFT
1998-12-01,5195,1983,22578.0,2151.0,-135.0,MSFT
1999-03-01,4595,1917,25722.0,2684.0,-50.0,MSFT
1999-06-01,5764,2202,28438.0,5718.0,-292.0,MSFT
1999-09-01,5384,2191,31340.0,2857.0,-139.0,MSFT
1999-12-01,6112,2436,34589.0,2927.0,-232.0,MSFT
2000-03-01,5656,2385,39792.0,2954.0,-246.0,MSFT
2000-06-01,5804,2409,41368.0,2688.0,-262.0,MSFT
2000-09-01,5766,2206,45343.0,2960.0,-245.0,MSFT
2000-12-01,6550,2624,46422.0,2919.0,-272.0,MSFT
2001-03-01,6403,2451,48090.0,3964.0,-264.0,MSFT
2001-06-01,6577,65,47289.0,3579.0,-322.0,MSFT
2001-09-01,6126,1283,48505.0,3389.0,-150.0,MSFT
2001-12-01,7741,2283,51548.0,3565.0,-172.0,MSFT
2002-03-01,7245,2738,54300.0,4121.0,-166.0,MSFT
2002-06-01,7253,1525,52180.0,3434.0,-282.0,MSFT
2002-09-01,7746,2041,53516.0,6172.0,-160.0,MSFT
2002-12-01,8541,1865,55812.0,2767.0,-276.0,MSFT
2003-03-01,7835,2142,58282.0,4169.0,-182.0,MSFT
2003-06-01,8065,1483,64912.0,2689.0,-273.0,MSFT
2003-09-01,8215,2614,66680.0,3424.0,-167.0,MSFT
2003-12-01,10153,1549,69343.0,4574.0,-172.0,MSFT
2004-03-01,9175,1315,70580.0,4970.0,-213.0,MSFT
2004-06-01,9292,2690,74825.0,1658.0,-557.0,MSFT
2004-09-01,9189,2528,75946.0,4007.0,-173.0,MSFT
2004-12-01,10818,3463,47232.0,3619.0,-176.0,MSFT
2005-03-01,9620,2563,47373.0,5003.0,-203.0,MSFT
2005-06-01,10161,3700,48115.0,3976.0,-260.0,MSFT
2005-09-01,9741,3141,48327.0,4329.0,-213.0,MSFT
2005-12-01,11837,3653,44208.0,2231.0,-318.0,MSFT
2006-03-01,10900,2977,42038.0,4563.0,-302.0,MSFT
2006-06-01,11804,2828,40104.0,3281.0,-745.0,MSFT
2006-09-01,10811,3478,36101.0,4061.0,-411.0,MSFT
2006-12-01,12542,2626,36634.0,2042.0,-572.0,MSFT
2007-03-01,14398,4926,34973.0,7291.0,-461.0,MSFT
2007-06-01,13371,3035,31097.0,4402.0,-820.0,MSFT
2007-09-01,13762,4289,32135.0,5878.0,-510.0,MSFT
2007-12-01,16367,4707,34431.0,4567.0,-695.0,MSFT
2008-03-01,14454,4388,37554.0,7082.0,-759.0,MSFT
2008-06-01,15837,4297,36286.0,4085.0,-1218.0,MSFT
2008-09-01,15061,4373,33594.0,3370.0,-778.0,MSFT
2008-12-01,16629,4174,34478.0,5782.0,-842.0,MSFT
2009-03-01,13648,2977,36943.0,6044.0,-632.0,MSFT
2009-06-01,13099,3045,39558.0,3841.0,-867.0,MSFT
2009-09-01,12920,3574,41212.0,6107.0,-435.0,MSFT
2009-12-01,19022,6662,44283.0,4969.0,-376.0,MSFT
2010-03-01,14503,4006,45710.0,7393.0,-408.0,MSFT
2010-06-01,16039,4518,46175.0,5604.0,-758.0,MSFT
2010-09-01,16195,5410,46942.0,8194.0,-564.0,MSFT
2010-12-01,19953,6634,48481.0,4186.0,-491.0,MSFT
2011-03-01,16428,5232,53452.0,8672.0,-658.0,MSFT
2011-06-01,17367,5874,57083.0,5942.0,-642.0,MSFT
2011-09-01,17372,5738,59391.0,8493.0,-436.0,MSFT
2011-12-01,20885,6624,64121.0,5862.0,-498.0,MSFT
2012-03-01,17407,5108,68659.0,9594.0,-749.0,MSFT
2012-06-01,18059,-492,66363.0,7677.0,-622.0,MSFT
2012-09-01,16008,4466,68836.0,8484.0,-603.0,MSFT
2012-12-01,21456,6377,72576.0,4780.0,-930.0,MSFT
2013-03-01,20489,6055,76688.0,9666.0,-930.0,MSFT
2013-06-01,19896,4965,78944.0,5903.0,-1794.0,MSFT
2013-09-01,18529,5244,81641.0,8205.0,-1231.0,MSFT
2013-12-01,24519,6558,85100.0,4413.0,-1732.0,MSFT
2014-03-01,20403,5660,87424.0,10099.0,-1192.0,MSFT
2014-06-01,23382,4612,89784.0,9785.0,-1330.0,MSFT
2014-09-01,23201,4540,90170.0,8354.0,-1282.0,MSFT
2014-12-01,26470,5863,91879.0,4340.0,-1490.0,MSFT
2015-03-01,21729,4985,90132.0,9601.0,-1391.0,MSFT
2015-06-01,22180,-3195,80083.0,6849.0,-1781.0,MSFT
2015-09-01,20379,4902,77445.0,8876.0,-1356.0,MSFT
2015-12-01,23796,5018,76780.0,5618.0,-2024.0,MSFT
2016-03-01,20531,3756,74806.0,10367.0,-2308.0,MSFT
2016-06-01,26448,6863,71997.0,8464.0,-2655.0,MSFT
2016-09-01,21928,5667,70372.0,11549.0,-2163.0,MSFT
2016-12-01,25826,6267,68809.0,6293.0,-1988.0,MSFT
2017-03-01,23212,5486,69729.0,10660.0,-1695.0,MSFT
2017-06-01,25605,8069,87711.0,11005.0,-2283.0,MSFT
2017-09-01,24538,6576,89647.0,12440.0,-2132.0,MSFT
2017-12-01,28918,-6302,78360.0,7875.0,-2586.0,MSFT
2018-03-01,26819,7424,79239.0,12151.0,-2934.0,MSFT
2018-06-01,30085,8873,82718.0,11418.0,-3980.0,MSFT
2018-09-01,29084,8824,85967.0,13657.0,-3602.0,MSFT
2018-12-01,32471,8420,92128.0,8900.0,-3707.0,MSFT
2019-03-01,30571,8809,94864.0,13520.0,-2565.0,MSFT
2019-06-01,33717,13187,102330.0,16108.0,-4051.0,MSFT
2019-09-01,33055,10678,106061.0,13818.0,-3385.0,MSFT
2019-12-01,36906,11649,110109.0,10680.0,-3545.0,MSFT
2020-03-01,35021,10752,114501.0,17504.0,-3767.0,MSFT
2020-06-01,38033,11202,118304.0,18673.0,-4744.0,MSFT
2020-09-01,37154,13893,123392.0,19335.0,-4907.0,MSFT
2020-12-01,43076,15463,130236.0,12516.0,-4174.0,MSFT
2021-03-01,41706,15457,134505.0,22179.0,-5089.0,MSFT
2021-06-01,46152,16458,141988.0,22710.0,-6452.0,MSFT
2021-09-01,45317,20505,151978.0,24540.0,-5810.0,MSFT
2021-12-01,51728,18765,160010.0,14480.0,-5865.0,MSFT
2022-03-01,49360,16728,162924.0,25386.0,-5340.0,MSFT
2022-06-01,51865,16740,166542.0,24629.0,-6871.0,MSFT
2022-09-01,50122,17556,173566.0,23198.0,-6283.0,MSFT
2022-12-01,52747,16425,183136.0,11173.0,-6274.0,MSFT
2023-03-01,52857,18299,194683.0,24441.0,-6607.0,MSFT
2023-06-01,56189,20081,206223.0,28770.0,-8943.0,MSFT
2023-09-01,56517,22291,220714.0,30583.0,-9917.0,MSFT
2023-12-01,62020,21870,238268.0,18853.0,-9735.0,MSFT
2024-03-01,61858,21939,253152.0,31917.0,-10952.0,MSFT
2024-06-01,64727,22036,268477.0,37195.0,-13873.0,MSFT
2024-09-01,65585,24667,287723.0,34180.0,-14923.0,MSFT
2024-12-01,69632,24108,302695.0,22291.0,-15804.0,MSFT
2025-03-01,70066,25824,321891.0,37044.0,-16745.0,MSFT
2025-06-01,76441,27233,343479.0,42647.0,-17079.0,MSFT
2025-09-01,77673,27747,363076.0,45057.0,-19394.0,MSFT
2025-12-01,81273,38458,390875.0,35758.0,-29876.0,MSFT
1999-01-01,,,64.2,,,NVDA
1999-04-01,71,6.3,76.7,3.4,-2.5,NVDA
1999-07-01,78,6.7,82.5,-3.3,-2.2,NVDA
1999-10-01,97,10.6,98.4,10.5,-5.2,NVDA
2000-01-01,128,17.5,125.0,5.3,-1.7,NVDA
2000-04-01,148,18.3,162.0,10.6,-7.5,NVDA
2000-07-01,170,22.5,206.0,24.1,-7.6,NVDA
2000-10-01,198,28.1,361.0,17.7,-6.5,NVDA
2001-01-01,218,29.6,407.0,216.0,-14.7,NVDA
2001-04-01,241,26.7,463.0,35.7,-31.7,NVDA
2001-07-01,260,32.9,528.0,58.1,-87.9,NVDA
2001-10-01,365,41.3,611.0,19.5,42.9,NVDA
2002-01-01,504,76,764.0,47.5,-84.3,NVDA
2002-04-01,583,83.2,869.0,48.8,-21.2,NVDA
2002-07-01,427,5.3,884.0,0.7,122.0,NVDA
2002-10-01,430,-48.6,879.0,91.3,-154.0,NVDA
2003-01-01,469,50.9,933.0,124.0,-9.9,NVDA
2003-04-01,405,19.7,961.0,40.4,-25.6,NVDA
2003-07-01,460,24.2,996.0,18.8,-66.3,NVDA
2003-10-01,486,6.4,1010.0,-8.6,-23.4,NVDA
2004-01-01,472,24.2,1051.0,-0.9,-12.4,NVDA
2004-04-01,472,21.3,1086.0,61.5,-18.6,NVDA
2004-07-01,456,5.1,1095.0,-28.9,-16.6,NVDA
2004-10-01,516,25.9,1108.0,0.4,-14.1,NVDA
2005-01-01,566,36.3,1178.0,99.2,-18.0,NVDA
2005-04-01,584,64.4,1231.0,89.6,-13.5,NVDA
2005-07-01,575,73.8,1275.0,47.3,-29.2,NVDA
2005-10-01,583,64.4,1349.0,84.1,-13.5,NVDA
2006-01-01,634,97.4,1496.0,225.0,-23.4,NVDA
2006-04-01,682,90.7,1609.0,50.4,-20.7,NVDA
2006-07-01,688,86.8,1655.0,17.0,-20.1,NVDA
2006-10-01,821,107,1846.0,289.0,-28.8,NVDA
2007-01-01,879,164,2007.0,230.0,-75.7,NVDA
2007-04-01,844,132,2096.0,295.0,-26.3,NVDA
2007-07-01,935,173,2260.0,342.0,-41.4,NVDA
2007-10-01,1116,236,2478.0,380.0,-49.7,NVDA
2008-01-01,1203,257,2618.0,252.0,-70.3,NVDA
2008-04-01,1153,177,2737.0,145.0,-202.0,NVDA
2008-07-01,893,-121,2663.0,81.0,-53.5,NVDA
2008-10-01,898,61.7,2487.0,43.0,-109.0,NVDA
2009-01-01,481,-148,2395.0,-19.8,-43.0,NVDA
2009-04-01,664,-201,2319.0,142.0,-20.8,NVDA
2009-07-01,777,-105,2247.0,135.0,-17.7,NVDA
2009-10-01,903,108,2424.0,141.0,-16.6,NVDA
2010-01-01,982,131,2665.0,69.2,-22.6,NVDA
2010-04-01,1002,138,2861.0,-5.4,-17.1,NVDA
2010-07-01,811,-141,2761.0,34.3,-37.6,NVDA
2010-10-01,844,84.9,,212.0,-21.8,NVDA
2011-01-01,886,172,3181.0,435.0,-21.3,NVDA
2011-04-01,962,135,3448.0,172.0,-31.2,NVDA
2011-07-01,1017,152,3689.0,82.0,-23.3,NVDA
2011-10-01,1066,178,3973.0,244.0,-39.0,NVDA
2012-01-01,953,116,4146.0,411.0,-45.2,NVDA
2012-04-01,925,60.4,4287.0,-9.2,-28.9,NVDA
2012-07-01,1044,119,4454.0,201.0,-61.9,NVDA
2012-10-01,1204,209,4723.0,181.0,-44.7,NVDA
2013-01-01,1107,174,4828.0,451.0,-47.8,NVDA
2013-04-01,955,77.9,4825.0,176.0,-65.7,NVDA
2013-07-01,977,96.4,4172.0,96.5,-85.0,NVDA
2013-10-01,1054,119,4321.0,162.0,-38.2,NVDA
2014-01-01,1144,147,4456.0,401.0,-66.2,NVDA
2014-04-01,1103,137,4167.0,151.0,-8.0,NVDA
2014-07-01,1103,128,4305.0,96.0,-23.0,NVDA
2014-10-01,1225,173,4205.0,216.0,-39.0,NVDA
2015-01-01,1251,194,4418.0,443.0,-31.0,NVDA
2015-04-01,1151,134,4556.0,246.0,-30.0,NVDA
2015-07-01,1153,26,4185.0,163.0,-22.0,NVDA
2015-10-01,1305,246,4465.0,255.0,-12.0,NVDA
2016-01-01,1401,208,4469.0,511.0,-15.0,NVDA
2016-04-01,1305,208,4196.0,319.0,-55.0,NVDA
2016-07-01,1428,261,4480.0,200.0,-26.0,NVDA
2016-10-01,2004,542,5324.0,432.0,-38.0,NVDA
2017-01-01,2173,654,5762.0,721.0,-51.0,NVDA
2017-04-01,1937,507,6132.0,282.0,-54.0,NVDA
2017-07-01,2230,583,5973.0,705.0,-54.0,NVDA
2017-10-01,2636,838,6352.0,1157.0,-69.0,NVDA
2018-01-01,2911,1119,7471.0,1358.0,-416.0,NVDA
2018-04-01,3207,1244,7717.0,1445.0,-118.0,NVDA
2018-07-01,3123,1101,8795.0,913.0,-129.0,NVDA
2018-10-01,3181,1230,9475.0,487.0,-150.0,NVDA
2019-01-01,2205,566,9342.0,898.0,-203.0,NVDA
2019-04-01,2220,394,9704.0,720.0,-128.0,NVDA
2019-07-01,2579,552,10336.0,936.0,-113.0,NVDA
2019-10-01,3014,899,11214.0,1640.0,-103.0,NVDA
2020-01-01,3105,951,12204.0,1465.0,-145.0,NVDA
2020-04-01,3080,917,13099.0,909.0,-155.0,NVDA
2020-07-01,3866,622,13914.0,1567.0,-217.0,NVDA
2020-10-01,4726,1336,15334.0,1279.0,-473.0,NVDA
2021-01-01,5003,1457,16893.0,2067.0,-283.0,NVDA
2021-04-01,5661,1912,18774.0,1874.0,-298.0,NVDA
2021-07-01,6507,2374,21147.0,2682.0,-183.0,NVDA
2021-10-01,7103,2464,23798.0,1519.0,-222.0,NVDA
2022-01-01,7643,3003,26612.0,3033.0,-273.0,NVDA
2022-04-01,8288,1618,26320.0,1731.0,-361.0,NVDA
2022-07-01,6704,656,23851.0,1270.0,-433.0,NVDA
2022-10-01,5931,680,21349.0,392.0,-530.0,NVDA
2023-01-01,6051,1414,22101.0,2248.0,-509.0,NVDA
2023-04-01,7192,2043,24520.0,2911.0,-248.0,NVDA
2023-07-01,13507,6188,27501.0,6348.0,-289.0,NVDA
2023-10-01,18120,9243,33265.0,7332.0,-278.0,NVDA
2024-01-01,22103,12285,42978.0,11499.0,-254.0,NVDA
2024-04-01,26044,14881,49142.0,15345.0,-369.0,NVDA
2024-07-01,30040,16599,58157.0,14488.0,-977.0,NVDA
2024-10-01,35082,19309,65899.0,17627.0,-813.0,NVDA
2025-01-01,39331,22091,79327.0,16629.0,-1077.0,NVDA
2025-04-01,44062,18775,83843.0,27414.0,-1227.0,NVDA
2025-07-01,46743,26422,100131.0,15365.0,-1895.0,NVDA
2025-10-01,57006,31910,118897.0,23751.0,-1636.0,NVDA
2026-01-01,68127,42960,157293.0,36188.0,-1284.0,NVDA
1996-06-01,235,1.5,830.0,,,QCOM
1996-09-01,283,7.9,845.0,,,QCOM
1996-12-01,389,9.1,855.0,-93.6,-15.6,QCOM
1997-03-01,586,16.7,1548.0,-39.1,275.0,QCOM
1997-06-01,520,35.9,1625.0,26.6,-350.0,QCOM
1997-09-01,601,30.1,1684.0,77.5,-71.8,QCOM
1997-12-01,786,36.8,1733.0,68.2,-79.5,QCOM
1998-03-01,761,26,1788.0,-129.0,-74.7,QCOM
1998-06-01,875,5.8,1822.0,-121.0,-81.1,QCOM
1998-09-01,926,39.9,1656.0,157.0,-86.3,QCOM
1998-12-01,941,48.5,1717.0,-138.0,-62.9,QCOM
1999-03-01,932,-42.6,1782.0,162.0,-32.1,QCOM
1999-06-01,1004,58.9,2118.0,145.0,-41.9,QCOM
1999-09-01,1060,136,3583.0,14.4,-43.3,QCOM
1999-12-01,1120,177,4014.0,81.4,-38.1,QCOM
2000-03-01,728,200,5505.0,254.0,139.0,QCOM
2000-06-01,714,155,5820.0,240.0,2.2,QCOM
2000-09-01,635,139,5563.0,237.0,-19.5,QCOM
2000-12-01,655,-419,5058.0,254.0,-27.1,QCOM
2001-03-01,717,110,5295.0,119.0,-18.6,QCOM
2001-06-01,640,-275,5202.0,5.5,-121.0,QCOM
2001-09-01,642,-194,4818.0,313.0,52.5,QCOM
2001-12-01,699,139,5215.0,267.0,-33.5,QCOM
2002-03-01,696,43.9,5325.0,181.0,-39.5,QCOM
2002-06-01,771,-13.8,5320.0,70.1,-35.4,QCOM
2002-09-01,749,191,5437.0,444.0,-18.6,QCOM
2002-12-01,1097,241,5923.0,330.0,-81.6,QCOM
2003-03-01,1043,103,7021.0,579.0,-49.4,QCOM
2003-06-01,892,192,7206.0,297.0,-26.6,QCOM
2003-09-01,870,291,7599.0,529.0,-44.4,QCOM
2003-12-01,1207,352,7929.0,413.0,-63.0,QCOM
2004-03-01,1216,488,8556.0,836.0,-55.0,QCOM
2004-06-01,1341,486,9141.0,442.0,-75.6,QCOM
2004-09-01,1117,393,9664.0,777.0,-138.0,QCOM
2004-12-01,1390,513,10339.0,397.0,-188.0,QCOM
2005-03-01,1365,532,10526.0,821.0,-94.0,QCOM
2005-06-01,1358,560,10447.0,523.0,-156.0,QCOM
2005-09-01,1561,538,11119.0,945.0,-138.0,QCOM
2005-12-01,1741,620,11972.0,596.0,-213.0,QCOM
2006-03-01,1834,593,13400.0,889.0,-161.0,QCOM
2006-06-01,1951,643,12998.0,816.0,-182.0,QCOM
2006-09-01,1999,614,13406.0,952.0,-129.0,QCOM
2006-12-01,2019,648,14175.0,789.0,-322.0,QCOM
2007-03-01,2221,726,15030.0,991.0,-92.0,QCOM
2007-06-01,2325,798,15932.0,988.0,-157.0,QCOM
2007-09-01,2306,1132,15835.0,1043.0,-247.0,QCOM
2007-12-01,2440,767,15610.0,880.0,-127.0,QCOM
2008-03-01,2606,766,15477.0,947.0,-301.0,QCOM
2008-06-01,2762,748,16826.0,740.0,-555.0,QCOM
2008-09-01,3334,878,17944.0,991.0,-414.0,QCOM
2008-12-01,2517,341,17137.0,3501.0,-234.0,QCOM
2009-03-01,2455,-289,17113.0,1263.0,-234.0,QCOM
2009-06-01,2753,737,18711.0,1087.0,-149.0,QCOM
2009-09-01,2661,802,20316.0,1321.0,-144.0,QCOM
2009-12-01,2670,841,21353.0,1239.0,-88.0,QCOM
2010-03-01,2663,774,20720.0,793.0,-108.0,QCOM
2010-06-01,2700,767,19886.0,951.0,-117.0,QCOM
2010-09-01,2952,865,20858.0,1093.0,-113.0,QCOM
2010-12-01,3348,1170,22736.0,48.0,-102.0,QCOM
2011-03-01,3870,999,25001.0,1768.0,-79.0,QCOM
2011-06-01,3623,1035,26301.0,1264.0,-219.0,QCOM
2011-09-01,4117,1056,26972.0,1820.0,-193.0,QCOM
2011-12-01,4681,1401,28497.0,1779.0,-359.0,QCOM
2012-03-01,4943,2230,31870.0,1888.0,-276.0,QCOM
2012-06-01,4626,1207,32605.0,922.0,-399.0,QCOM
2012-09-01,4870,1271,33545.0,1409.0,-250.0,QCOM
2012-12-01,6018,1906,35354.0,1975.0,-205.0,QCOM
2013-03-01,6124,1866,37628.0,2216.0,-289.0,QCOM
2013-06-01,6243,1580,37583.0,2077.0,-314.0,QCOM
2013-09-01,6481,1501,36087.0,2510.0,-240.0,QCOM
2013-12-01,6622,1875,37027.0,2781.0,-210.0,QCOM
2014-03-01,6367,1959,38253.0,1814.0,-587.0,QCOM
2014-06-01,6806,2238,38787.0,2673.0,-158.0,QCOM
2014-09-01,6692,1894,39166.0,1619.0,-230.0,QCOM
2014-12-01,7099,1972,38819.0,2364.0,-253.0,QCOM
2015-03-01,6894,1053,37834.0,-658.0,-196.0,QCOM
2015-06-01,5832,1184,33196.0,2116.0,-366.0,QCOM
2015-09-01,5456,1062,31414.0,1684.0,-179.0,QCOM
2015-12-01,5775,1498,30233.0,2739.0,-128.0,QCOM
2016-03-01,5551,1164,29637.0,737.0,-125.0,QCOM
2016-06-01,6044,1444,30638.0,1840.0,-136.0,QCOM
2016-09-01,6184,1599,31768.0,2316.0,-150.0,QCOM
2016-12-01,5999,682,31206.0,1586.0,-129.0,QCOM
2017-03-01,5016,749,31334.0,820.0,-122.0,QCOM
2017-06-01,5371,866,31283.0,171.0,-177.0,QCOM
2017-09-01,5871,148,30746.0,2424.0,-262.0,QCOM
2017-12-01,6035,-5983,23924.0,1762.0,-226.0,QCOM
2018-03-01,5220,330,23819.0,516.0,-185.0,QCOM
2018-06-01,5577,1202,23068.0,2053.0,-214.0,QCOM
2018-09-01,5778,-513,807.0,-423.0,-159.0,QCOM
2018-12-01,4842,1068,3617.0,356.0,-152.0,QCOM
2019-03-01,4982,663,3866.0,794.0,-170.0,QCOM
2019-06-01,9635,2149,5463.0,4909.0,-248.0,QCOM
2019-09-01,4814,506,4909.0,1227.0,-317.0,QCOM
2019-12-01,5077,925,4513.0,1118.0,-296.0,QCOM
2020-03-01,5216,468,3045.0,1083.0,-345.0,QCOM
2020-06-01,4893,845,3306.0,1872.0,-418.0,QCOM
2020-09-01,8346,2960,6077.0,1741.0,-348.0,QCOM
2020-12-01,8235,2455,7380.0,3175.0,-469.0,QCOM
2021-03-01,7935,1762,7424.0,2911.0,-483.0,QCOM
2021-06-01,8060,2027,8177.0,3373.0,-506.0,QCOM
2021-09-01,9336,2798,9950.0,1077.0,-430.0,QCOM
2021-12-01,10705,3399,11333.0,2057.0,-583.0,QCOM
2022-03-01,11164,2934,13328.0,2698.0,-491.0,QCOM
2022-06-01,10936,3730,16048.0,2895.0,-554.0,QCOM
2022-09-01,11395,2873,18013.0,1446.0,-634.0,QCOM
2022-12-01,9463,2235,18810.0,3095.0,-287.0,QCOM
2023-03-01,9275,1704,19698.0,1457.0,-443.0,QCOM
2023-06-01,8451,1803,20670.0,2657.0,-306.0,QCOM
2023-09-01,8631,1490,21581.0,4090.0,-287.0,QCOM
2023-12-01,9935,2767,23058.0,2949.0,-214.0,QCOM
2024-03-01,9389,2326,24469.0,3554.0,-184.0,QCOM
2024-06-01,9393,2129,24670.0,3052.0,-387.0,QCOM
2024-09-01,10244,2920,26274.0,2647.0,-256.0,QCOM
2024-12-01,11669,3180,26880.0,4587.0,-277.0,QCOM
2025-03-01,10979,2812,27728.0,2554.0,-214.0,QCOM
2025-06-01,10365,2666,27209.0,2875.0,-294.0,QCOM
2025-09-01,11271,-3117,21206.0,3996.0,-407.0,QCOM
2025-12-01,12252,3004,23073.0,4965.0,-549.0,QCOM
